{"Subset Discover Transitioned": {"KMeans Distributed Decentralized (Gossip)  ": {"end": 0.7379483327642006, "rounds": [0.0, 0.519546306657525, 0.5064423409648564, 0.538960922235447, 0.3677225163473087, 0.3551775595693535, 0.35039755978182974, 0.20856036292711838, 0.28649192718980604, 0.5913812722492849, 0.429666143616663, 0.6743113866013738, 0.5053628250750197, 0.5297130999503634, 0.55212081475113, 0.5512308676726524, 0.5157935215055739, 0.7390792632945188, 0.49581507638946626, 0.5029857055104902, 0.5310765596134923, 0.5223493960158941, 0.583438024512234, 0.7133144529882529, 0.7213424437645909, 0.742238440781421, 0.7365461311895289, 0.7466320585051603, 0.7411283490244223, 0.7407864070243892, 0.7452612458812712, 0.7447853566219504, 0.7456595299998383, 0.7475133004282586, 0.7493912382468509, 0.7467840800156397]}, "KMeans Distributed Centralized  ": {"end": 0.9906729385123714, "rounds": [0.0, 0.9988002398441391, 0.9988002398441391, 0.9988002398441391, 0.9987999400721572, 0.9987999400721572, 0.9987999400721572, 0.9996000199780068, 0.9996000199780068, 0.999199920046064, 0.6854193388587976, 0.9916255699029396, 0.9922174524869452, 0.9906720758741301, 0.9904329856221186, 0.9904324074966541, 0.9909106499258621, 0.990432476315462, 0.9901971448305316, 0.9906740848147237, 0.9911473557523743, 0.9909083430290698, 0.990432476315462, 0.9906694754117951, 0.9913865151679759, 0.9906718539414178, 0.9911473557523743, 0.9909106499258621, 0.9901938255286491, 0.9911477922204306, 0.9909106499258621, 0.9911507503696266, 0.9906757394015467, 0.9911515363888184, 0.9913891117719037, 0.9906729385123714]}, "KMeans Server  ": {"end": 0.9894878626398186, "rounds": [0.0, 0.9976011996171419, 0.9988002398441391, 0.9988002398441391, 0.9982001805405217, 0.9987999400721572, 0.9982001805405217, 0.999199920046064, 0.99880006022215, 0.9996000199780068, 0.689173427382531, 0.9922229399746344, 0.9919226772949387, 0.9892293788261272, 0.9904273007647255, 0.9906691908538288, 0.9885241258942687, 0.9887642162510519, 0.9906758924312855, 0.9904386714051867, 0.9904352237886584, 0.9913871738348319, 0.98995185936772, 0.9894804626420377, 0.9901898611981794, 0.9906709143376713, 0.9899484093709466, 0.9906739505985546, 0.9909107267645275, 0.9885216866028308, 0.9894772950870772, 0.9901859204372402, 0.9904334251900812, 0.99066616175947, 0.9901989443144829, 0.9894878626398186]}, "KMeans Server Keep  ": {"end": 0.9911522635484495, "rounds": [0.0, 0.9988002398441391, 0.9988002398441391, 0.9988002398441391, 0.570596152100848, 0.5703026060220302, 0.5701573142990516, 0.7136550935893842, 0.7134593174292753, 0.999199920046064, 0.6863770781491108, 0.6872250170474501, 0.6874723102556263, 0.5237417831291696, 0.527185844155707, 0.5308374399946727, 0.5341507933281067, 0.5372524289733911, 0.5392898399132876, 0.5417477201178358, 0.5450826413837425, 0.5468212080579831, 0.547532098093314, 0.7878976668337418, 0.9904402635429583, 0.9906773322531423, 0.9909145459762944, 0.9911547119190088, 0.9911547119190088, 0.9911547119190088, 0.9911547119190088, 0.9911547119190088, 0.9909149764459773, 0.9909149764459773, 0.9911522635484495, 0.9911522635484495]}}, "Subset Discover Long Transitioned": {"KMeans Distributed Decentralized (Gossip)  ": {"end": 0.750036749871022, "rounds": [0.0, 0.44329442184565065, 0.4343313119021795, 0.6131052554939835, 0.6112681832725085, 0.6010284792967661, 0.6013776767703661, 0.3654509064850465, 0.3655915152328317, 0.3631283444626548, 0.3650740498925987, 0.35464913539268755, 0.34374977643382276, 0.25384511428492706, 0.5673463384752999, 0.5846563994653914, 0.5834203994057651, 0.5798787469687791, 0.5711999102100168, 0.4079211605941439, 0.4043959644371015, 0.41382117525822015, 0.4692787994549539, 0.6238229894125934, 0.6719663033740393, 0.6815967416587964, 0.5789702005345191, 0.6007450674300111, 0.5776335147151438, 0.5386429446506121, 0.717498773192964, 0.7485015134741616, 0.7419244593771428, 0.7472846650923708, 0.7461577199225096, 0.7507814566565398]}, "KMeans Distributed Centralized  ": {"end": 0.9911455629344604, "rounds": [0.0, 0.9988002398441391, 0.9988002398441391, 0.9988002398441391, 0.9988002398441391, 0.9988002398441391, 0.9988002398441391, 0.9987999400721572, 0.9987999400721572, 0.9982001805405217, 0.9987999400721572, 0.9987999400721572, 0.9987999400721572, 0.999199920046064, 0.999199920046064, 0.999199920046064, 0.999199920046064, 0.999199920046064, 0.999199920046064, 0.6876207024082274, 0.6871834381616128, 0.6932621743506644, 0.9901233086327008, 0.9916255699029396, 0.9916255699029396, 0.8027079673436043, 0.9906729385123714, 0.9913845014716879, 0.9904300344491818, 0.990432476315462, 0.9909106499258621, 0.9906714879365188, 0.9909082015775742, 0.9899558972367427, 0.9913872371825516, 0.9911455629344604]}, "KMeans Server  ": {"end": 0.9909123752960148, "rounds": [0.0, 0.9988002398441391, 0.9988002398441391, 0.9988002398441391, 0.9988002398441391, 0.9976011996171419, 0.9988002398441391, 0.9982001805405217, 0.9987999400721572, 0.9987999400721572, 0.9982001805405217, 0.9982001805405217, 0.9982001805405217, 0.9988000600780852, 0.9984003204041855, 0.9984003204041855, 0.9992000400040352, 0.9992000400040352, 0.9996000199780068, 0.6891873644645913, 0.6957026353409499, 0.6981362828234748, 0.9907272146727059, 0.991026036755137, 0.9922234791767959, 0.7966403496435114, 0.9887715592877383, 0.9904323368395263, 0.9906693331327846, 0.9904399010674594, 0.9897087595345069, 0.9909161997472197, 0.99043666634321, 0.990427895443663, 0.9904316926530974, 0.9909123752960148]}, "KMeans Server Keep  ": {"end": 0.5379325622009727, "rounds": [0.0, 0.5660772908501769, 0.9988002398441391, 0.9988002398441391, 0.9988002398441391, 0.9988002398441391, 0.9988002398441391, 0.570596152100848, 0.570596152100848, 0.5703026060220302, 0.5703026060220302, 0.5707433469819736, 0.5701573142990516, 0.3284858711899489, 0.7134593174292753, 0.7134593174292753, 0.7134593174292753, 0.7132637430226962, 0.9988000603662147, 0.6862415194173586, 0.6862602542962547, 0.6861375144495331, 0.6863611991502702, 0.6878391973369182, 0.6888460637559468, 0.5237457327046334, 0.5243417426490472, 0.525159786665871, 0.5261857764648187, 0.5289305440390633, 0.5304350566151407, 0.5326896612883025, 0.5338417739647158, 0.5353182351965369, 0.5367297911565071, 0.5379325622009727]}}}