{"Subset Discover Long Transitioned": {"KMeans Distributed Decentralized (Gossip)  ": {"end": 0.33457544732934, "rounds": [0.0, 0.0, 0.0, 0.0, 0.0, 0.0, 0.45899449108422186, 0.44150558683994406, 0.5945382797298924, 0.4512210912137001, 0.4484498077292001, 0.44415651899289754, 0.5992988528107941, 0.3647939727979863, 0.5948340396218461, 0.6102409789664717, 0.5397003847436995, 0.5454565612633872, 0.21415536451009695, 0.45066528799905453, 0.42739466512081326, 0.452458381657113, 0.4538175134411693, 0.4486402980953204, 0.30288369219573924, 0.30603070594644743, 0.3068692611015431, 0.297749041048887, 0.30481315868168374, 0.13185487392168946, 0.2578445777079287, 0.2569486789128222, 0.3329250653124778, 0.23931861498437124, 0.2378474671231646, 0.2398071628218126]}, "KMeans Distributed Centralized  ": {"end": 0.25196124271416226, "rounds": [0.0, 0.0, 0.0, 0.0, 0.0, 0.0, 0.5378947253247693, 0.533749729562992, 0.6617506869562133, 0.6601774099584357, 0.659940144889029, 0.6592752035649798, 0.39645704685145233, 0.35598408675207166, 0.5651765361590494, 0.564884875171179, 0.5657633026698693, 0.5654720987254406, 0.32761756302140616, 0.3287201834102216, 0.3293396017816024, 0.32953004837970223, 0.3292012483475917, 0.3290328688561587, 0.20413033456283072, 0.20415070093236054, 0.2042853367457474, 0.20434602856083472, 0.20430275765035194, 0.20414544190417605, 0.2564493765475666, 0.2544911645896172, 0.25329691368011675, 0.2524868799616578, 0.25223074101526405, 0.25196124271416226]}, "KMeans Server  ": {"end": 0.21404932076304428, "rounds": [0.0, 0.0, 0.0, 0.0, 0.0, 0.0, 0.9868422344439618, 0.9868422344439618, 0.9281321277641035, 0.9868422344439618, 0.9868422344439618, 0.9725876597842024, 0.5611651656900668, 0.5518095156643023, 0.5577623852801326, 0.5500692905178456, 0.5425026579068544, 0.541455869361512, 0.6809243040726691, 0.40088185030235596, 0.41669240002848973, 0.33818927343217686, 0.4025505825844046, 0.42148231518822027, 0.2057289695217918, 0.21300108356344244, 0.20160996335112008, 0.22578167997984425, 0.23247603374125955, 0.21208073423685272, 0.1877352146804286, 0.20047692392996413, 0.18599471349823385, 0.2272613397584351, 0.18442200242502843, 0.21404932076304428]}}}