{"Crowd Discover Transitioned": {"KMeans Distributed Decentralized (Gossip)  ": {"end": 0.9567897110568657, "rounds": [0.0, 0.6112503176287368, 0.6083058292238471, 0.5965253269831742, 0.35272451097390545, 0.34542325381678407, 0.3427436876284401, 0.4220421912296403, 0.8404256724837331, 0.8742693701785441, 0.6488217900779913, 0.7168581616430255, 0.865311723431922, 0.7288889917762299, 0.8401981884113109, 0.9338117521274396, 0.9580574218082527, 0.9556476040994263]}, "KMeans Distributed Centralized  ": {"end": 0.954928466708173, "rounds": [0.0, 0.9880347952866875, 0.9892280760642018, 0.9904220767757349, 0.5663466195432937, 0.9928086719556154, 0.9928086719556154, 0.7100845400871999, 0.9920162762978084, 0.9924140930544554, 0.6811151336811141, 0.6817804866699547, 0.6819972855234347, 0.5199280828331421, 0.5217900605897549, 0.7840625187370637, 0.9547122469316583, 0.954928466708173]}}, "Crowd Replacement Transitioned": {"KMeans Distributed Decentralized (Gossip)  ": {"end": 0.30306336454883115, "rounds": [0.0, 0.5555227694110092, 0.6499191357346435, 0.5409970029678761, 0.5123356447712137, 0.6096037693415435, 0.6449895647005902, 0.5870814388653757, 0.5181478840070827, 0.5729113067785851, 0.4033841473035274, 0.366099226803945, 0.4697235118097009, 0.5401473903268356, 0.5572818906500125, 0.47370263439759486, 0.3847006871772727, 0.30923274545742974]}, "KMeans Distributed Centralized  ": {"end": 0.9579879524439032, "rounds": [0.0, 0.9868422344439618, 0.9892280760642018, 0.9904220767757349, 0.9928086719556154, 0.9928086719556154, 0.9928086719556154, 0.9908242867817534, 0.9912213664087844, 0.9920162762978084, 0.6812308316152722, 0.6816560064743369, 0.961242488984815, 0.7661152773904334, 0.9559079593544848, 0.9563670652407559, 0.9575152545980716, 0.9579879524439032]}}, "Subset Discover Transitioned": {"KMeans Distributed Decentralized (Gossip)  ": {"end": 0.24396524694837246, "rounds": [0.0, 0.5976532343989004, 0.4634998166725, 0.4690559540474807, 0.3635810463748452, 0.3547107062990972, 0.32238269530126135, 0.389241791419526, 0.39184198735689063, 0.38135197681292227, 0.29713886872010115, 0.2976795005124949, 0.3114717570805025, 0.291399615196857, 0.2559489507899355, 0.2537893955241766, 0.2391608817111873, 0.2660434399241899]}, "KMeans Distributed Centralized  ": {"end": 0.0, "rounds": []}}}