{"Static and Uniform": {"KMeans Distributed Centralized  ": {"end": 0.9570303517684987, "rounds": [0.9556380459856161, 0.9556350400885827, 0.9560986506117592, 0.9563287255515134, 0.9570303517684987]}}, "25% IID": {"KMeans Distributed Centralized  ": {"end": 0.9565623014242788, "rounds": [0.957725418993967, 0.9563208617839168, 0.9556290692326902, 0.9560904476255141, 0.9565623014242788]}}, "50% IID": {"KMeans Distributed Centralized  ": {"end": 0.9551579714518748, "rounds": [0.9572741205376044, 0.9563385490104795, 0.9558726387340422, 0.9561120443165536, 0.9551579714518748]}}, "75% IID": {"KMeans Distributed Centralized  ": {"end": 0.9565793101749933, "rounds": [0.9565707012399571, 0.957025807112445, 0.9563297942114077, 0.9547113085416904, 0.9565793101749933]}}, "100% IID": {"KMeans Distributed Centralized  ": {"end": 0.9551844082759426, "rounds": [0.9556321612248635, 0.955631681269839, 0.9565881642993276, 0.9561090785655838, 0.9551844082759426]}}, "Cross-Device Detection": {"KMeans Distributed Centralized  ": {"end": 0.949754900603452, "rounds": [0.9507319113432767, 0.9511720451423248, 0.9506925840446694, 0.9502601914979879, 0.949754900603452]}}, "Crowd Discover Transitioned": {"KMeans Distributed Centralized  ": {"end": 0.9577214956107001, "rounds": [0.0, 0.9892280760642018, 0.9904220767757349, 0.9904220767757349, 0.9928086719556154, 0.9922091016373032, 0.9922091016373032, 0.9912213664087844, 0.9916175056792698, 0.9916187007015911, 0.9615087703860784, 0.959449247705057, 0.9609197883512013, 0.9567872001841699, 0.9558848529961067, 0.9561020510491646, 0.9579430116150262, 0.9577214956107001]}}, "Crowd Replacement Transitioned": {"KMeans Distributed Centralized  ": {"end": 0.15505365444117775, "rounds": [0.0, 0.9892280760642018, 0.9904220767757349, 0.9904220767757349, 0.9922091016373032, 0.9928086719556154, 0.5487979142889876, 0.6958784150327255, 0.6962369821273898, 0.6962148228992826, 0.46647115241949183, 0.20155520203754893, 0.6517186936900365, 0.14443105502165848, 0.14050253487832928, 0.15278542648637927, 0.1544104636627567, 0.15505365444117775]}}, "Subset Discover Transitioned": {"KMeans Distributed Centralized  ": {"end": 0.22102996371246858, "rounds": [0.0, 0.5623424742900328, 0.9880347952866875, 0.9868422344439618, 0.5660548096652122, 0.5588917239099577, 0.5588917239099577, 0.32623068760199236, 0.3210910459387881, 0.3221217408398574, 0.2024878918061227, 0.20311006821865624, 0.2042731532335703, 0.2287708744521767, 0.23462540893918338, 0.23165270991298098, 0.23755284361545267, 0.22102996371246858]}}, "Subset Discover Long Transitioned": {"KMeans Distributed Centralized  ": {"end": 0.16705194368041118, "rounds": [0.0, 0.0, 0.0, 0.0, 0.0, 0.0, 0.973771581327182, 0.9702219765361774, 0.9678591730770981, 0.9702219765361774, 0.9702219765361774, 0.9702219765361774, 0.5569186196632028, 0.5425026579068544, 0.537575975678095, 0.5380891269170747, 0.5503413542041923, 0.5467406832508448, 0.383385491176626, 0.43996027393849113, 0.45063948598399367, 0.4285111073935855, 0.42708788513608714, 0.42970378147259874, 0.20459079080510165, 0.20426289616115637, 0.21550714814041746, 0.20522637560825693, 0.2063700933165421, 0.20581921456518099, 0.19016073088957258, 0.18818621496481533, 0.18937130813158168, 0.18932065225489414, 0.16712014121452157, 0.16705194368041118]}}}