{"Crowd Discover Transitioned": {"KMeans Distributed Centralized  ": {"end": 0.0, "rounds": []}}, "Crowd Replacement Transitioned": {"KMeans Distributed Centralized  ": {"end": 0.0, "rounds": []}}, "Subset Discover Transitioned": {"KMeans Distributed Centralized  ": {"end": 0.0, "rounds": []}}, "Subset Discover Long Transitioned": {"KMeans Server Keep  ": {"end": 0.2582400721994815, "rounds": [0.0, 0.0, 0.0, 0.0, 0.0, 0.0, 0.5185851983713928, 0.6588331280953665, 0.6585983830809395, 0.6583038708049364, 0.6583575170363822, 0.658345635598478, 0.5644461572015927, 0.5651765361590494, 0.5651765361590494, 0.564884875171179, 0.5662030114559392, 0.5662030114559392, 0.32601666159229753, 0.32711600901261173, 0.3290765294516731, 0.3294270331138442, 0.32978507878658175, 0.32962042475447395, 0.20430433504543857, 0.2041618451181116, 0.2042794824828727, 0.20430004597546972, 0.2044420051727622, 0.20427070163278524, 0.26008834378054424, 0.2590889381680805, 0.2589986310304468, 0.25868590555678006, 0.2584181673653694, 0.2582400721994815]}}}