{"Subset Discover Transitioned": {"KMeans Server  ": {"end": 0.9549030956075697, "rounds": [0.0, 0.9880347952866875, 0.9892280760642018, 0.9904220767757349, 0.5649013074184381, 0.9922091016373032, 0.5345241140753131, 0.316927456597237, 0.9920155629752577, 0.9892346779815521, 0.6869229187396504, 0.6854163701330387, 0.43801064625833247, 0.3884621753429195, 0.9551807949159177, 0.9552197532496045, 0.9553559723636021, 0.9570315454148415, 0.9556169408833899, 0.9547144973553627, 0.9558925650287843, 0.9418425031433217, 0.9532652145157903, 0.9542782568728284, 0.9565445890099401, 0.9549407652793648, 0.9523953868804694, 0.9528360952229731, 0.9549818507437673, 0.955153669924718, 0.9547213990747418, 0.9533380997943308, 0.9560493893488436, 0.9421078067618229, 0.9542617234365397, 0.9549030956075697]}, "KMeans Server Keep  ": {"end": 0.4079867501390273, "rounds": [0.0, 0.5504027003760997, 0.9904220767757349, 0.9904220767757349, 0.5656155077730164, 0.5662030114559392, 0.5647504126353482, 0.326072020451496, 0.3274363249904727, 0.3275144979831719, 0.2025683612765315, 0.6814996571033551, 0.6829064872235997, 0.5207041461008786, 0.5216589196625008, 0.5244471148001602, 0.5281082273340791, 0.5296640768088591, 0.5311305047529825, 0.532212964665859, 0.5338337199525767, 0.5345570131462676, 0.5359402578327128, 0.5368358191087845, 0.5376259501927839, 0.5379099122900599, 0.538502278166012, 0.5385490507683545, 0.4028952227267612, 0.4045388893478453, 0.40474897650728997, 0.40531502441796174, 0.4055728176698116, 0.40614909384551623, 0.40629313828085456, 0.4079867501390273]}}, "Subset Discover Long Transitioned": {"KMeans Server  ": {"end": 0.9579194840313076, "rounds": [0.0, 0.6179788572759674, 0.9868422344439618, 0.9904220767757349, 0.9904220767757349, 0.9904220767757349, 0.9904220767757349, 0.9904125640538947, 0.9922091016373032, 0.9922108875961398, 0.9910135491059936, 0.9928086719556154, 0.9922091016373032, 0.3178946590832643, 0.9908242867817534, 0.9908242867817534, 0.9908242867817534, 0.990822837905623, 0.9888389968162322, 0.6842066007958797, 0.6808647259176464, 0.6847131454692802, 0.6981351530540493, 0.6889219847710796, 0.9612728064785524, 0.7788150848142701, 0.7729378092360318, 0.7774712176855062, 0.9513305142051736, 0.9551563938328602, 0.9547398386405093, 0.9553614606995942, 0.9563143114551844, 0.9542035025711315, 0.9558293980259199, 0.9579194840313076]}, "KMeans Server Keep  ": {"end": 0.5315666984061971, "rounds": [0.0, 0.5642882306464393, 0.5484763855318153, 0.9880347952866875, 0.9892280760642018, 0.9892280760642018, 0.9892280760642018, 0.5651765361590494, 0.5651765361590494, 0.5663466195432937, 0.5667861744947498, 0.565621061180533, 0.5653305412487749, 0.3228470282925555, 0.3251346027328575, 0.32716211379382576, 0.32732499665522463, 0.32796675726112057, 0.3278320506273758, 0.20330754133059295, 0.2030354637313747, 0.2027815007672612, 0.6816482959638968, 0.6820874532059126, 0.6823744019876241, 0.520490177239288, 0.5211083225828451, 0.5214245570890832, 0.5220852499950196, 0.5231003929013825, 0.5240012008110752, 0.5256917952591672, 0.5272423847673887, 0.5288749390858608, 0.5294050989923096, 0.5315666984061971]}}}