{"Subset Discover Transitioned": {"KMeans Distributed Decentralized (Gossip)  ": {"end": 0.5223899990649365, "rounds": [0.0, 0.4112716202064067, 0.41811782451055324, 0.5539315514433797, 0.3383059754149625, 0.3653783079538013, 0.33686491751266284, 0.1982643350920777, 0.1985264368110302, 0.27781658279405247, 0.3093293536424451, 0.43973549616779034, 0.40173959740553167, 0.46629159770518175, 0.4461781623172053, 0.4676322339581905, 0.4795272587498687, 0.46189200749814846, 0.47505628029316654, 0.4645866286686103, 0.480728111964718, 0.45633569624543985, 0.460607758752873, 0.4605114452101502, 0.45908226195048407, 0.48405952634459776, 0.46469981593451914, 0.4846105702191155, 0.4855431892841836, 0.5161874278712214, 0.4963751583610413, 0.5307115750569311, 0.5016220876887177, 0.503958677533866, 0.5041219959300173, 0.5394901810337728]}, "KMeans Distributed Centralized  ": {"end": 0.4214747813282634, "rounds": [0.0, 0.4645094953118542, 0.9892280760642018, 0.9904220767757349, 0.5662030114559392, 0.5631705211224244, 0.5456735661183159, 0.3211127374312107, 0.31499409183912325, 0.44883043236619147, 0.2879829616096799, 0.2754455349606055, 0.22149684734800923, 0.39652859708841914, 0.41265666503956044, 0.4210458005308719, 0.4188451025338208, 0.42248250544686616, 0.4215511709140918, 0.42001544835074595, 0.4209925094740717, 0.41941341106270513, 0.4208797803661201, 0.42106717166658447, 0.4220482264957045, 0.41958776846080986, 0.4211194404380929, 0.42018346008419716, 0.42211631943350575, 0.42121526387756425, 0.4216220206475535, 0.42026607586184045, 0.42080423070890016, 0.4205681536999132, 0.421832690837084, 0.4214747813282634]}, "KMeans Server  ": {"end": 0.4186699270445485, "rounds": [0.0, 0.3503706001474394, 0.9868422344439618, 0.9892280760642018, 0.5660548096652122, 0.565621061180533, 0.5451419071347796, 0.3200011565839051, 0.3180676779887668, 0.6805857663726862, 0.678386506168082, 0.44725509264464897, 0.43861959983961823, 0.3880693383079379, 0.3928315298731269, 0.42240900130898146, 0.42136410669126945, 0.4183723036405284, 0.4212940041526539, 0.42226645230365023, 0.4206220008491414, 0.4190517270336568, 0.41869884366830923, 0.41838616176515553, 0.4142969170547367, 0.4231395587458825, 0.41228734401702977, 0.41920113638365053, 0.4191034598980595, 0.4108499812356121, 0.41476925245915935, 0.41927735247752773, 0.4181481718645639, 0.4192120976133461, 0.42156738499383895, 0.4186699270445485]}, "KMeans Server Keep  ": {"end": 0.4132602959199648, "rounds": [0.0, 0.5283626203035864, 0.9868422344439618, 0.9868422344439618, 0.5651765361590494, 0.5651765361590494, 0.5667861744947498, 0.3225915905539901, 0.3266213278568901, 0.32855426605637683, 0.20384579956667226, 0.2038502239503451, 0.20354819801684734, 0.25802071932656717, 0.2580462656719042, 0.2558118112539231, 0.25531048318054483, 0.2540751274712777, 0.25204315968525903, 0.2510566852409615, 0.25016572284267513, 0.24962989807117833, 0.24903322087731156, 0.2482766159872201, 0.40931016413576593, 0.4083535400084142, 0.40937575150137745, 0.4109203484785934, 0.4119753869651399, 0.41217796663990164, 0.41222927084618455, 0.4124373937896168, 0.4122837403205688, 0.41266949625257054, 0.4126367141608264, 0.4132602959199648]}}, "Subset Discover Long Transitioned": {"KMeans Distributed Decentralized (Gossip)  ": {"end": 0.4904605928411685, "rounds": [0.0, 0.5518536653946072, 0.31864503762811663, 0.34618541131491315, 0.5732232892680156, 0.5648538038407948, 0.5694684641836334, 0.35915860200453914, 0.358081501094124, 0.3386472706577021, 0.38255997863868424, 0.5363653216860446, 0.6022219351105869, 0.5712162426857418, 0.577087449005117, 0.5694713619132334, 0.5614890164176395, 0.5652352178687963, 0.5512649706274761, 0.41447927753322916, 0.406032266270522, 0.42219944727205794, 0.4064454850332895, 0.46414268662647185, 0.5286603964662043, 0.5394550441035807, 0.5132253060341904, 0.5248626949742906, 0.4774091020284611, 0.47727183773923015, 0.46540415760626697, 0.45767352293207525, 0.45089318882012586, 0.4507681121789378, 0.4727966657402753, 0.4916643656221222]}, "KMeans Distributed Centralized  ": {"end": 0.4221421575549367, "rounds": [0.0, 0.5518048696160347, 0.9868422344439618, 0.9892280760642018, 0.9892280760642018, 0.9904220767757349, 0.9892280760642018, 0.5659118846388443, 0.5640345425099345, 0.5563576537791114, 0.5464734294629779, 0.5422404825375075, 0.5406741288162861, 0.3233357844589401, 0.3157582410293462, 0.33116977250687335, 0.4511584951079303, 0.4609307916435288, 0.43996027393849113, 0.27674906080262845, 0.27926760838689385, 0.24727358664890775, 0.22167226626888756, 0.2641046387527784, 0.20642031730209193, 0.1975521104670184, 0.4042440794385532, 0.4165751139213329, 0.4218283385172471, 0.9531945891635243, 0.42031303310218343, 0.42130793501236974, 0.4229402043399882, 0.42242670610239613, 0.42179200398523875, 0.4221421575549367]}, "KMeans Server  ": {"end": 0.41474648886721266, "rounds": [0.0, 0.6422024944770449, 0.9785144667834242, 0.9868422344439618, 0.9868422344439618, 0.9892280760642018, 0.9892280760642018, 0.5662030114559392, 0.5649013074184381, 0.5588917239099577, 0.5525291390888379, 0.5519803158699236, 0.5571995661267464, 0.3231355650485884, 0.6863712479824949, 0.6815611235926896, 0.6820888939800579, 0.679262040100353, 0.6762388709211301, 0.30206626285140603, 0.2954064305071832, 0.2342532294827654, 0.20073715894383282, 0.2786266755798394, 0.22826861875986082, 0.17398316947806072, 0.1693489445142421, 0.1779037811415092, 0.18886548329040634, 0.41637015731227756, 0.41976679336456535, 0.4253357195444916, 0.4170421708105919, 0.4214597479573526, 0.41791463761178255, 0.41474648886721266]}, "KMeans Server Keep  ": {"end": 0.24733296893519285, "rounds": [0.0, 0.5784699184739566, 0.5942276894190035, 0.9702219765361774, 0.9868422344439618, 0.9868422344439618, 0.9868422344439618, 0.5637162577328004, 0.5651765361590494, 0.5651765361590494, 0.5651765361590494, 0.5664944414639174, 0.5662030114559392, 0.3251385283034758, 0.32686812356481454, 0.3285574775713847, 0.32925107830837586, 0.3294398622429743, 0.3290328688561587, 0.20395991895299473, 0.20392671827198716, 0.20380469061380524, 0.20371847507659943, 0.20356693410954738, 0.20358210255893433, 0.25416070923013795, 0.2533910930826743, 0.2521978220814781, 0.2510062523884912, 0.2507874699478649, 0.25016829724407863, 0.24959406547533894, 0.24956724475231903, 0.2490724582513042, 0.24843347289888484, 0.24733296893519285]}}}