{"Static and Uniform": {"KMeans Distributed Decentralized (Gossip)  ": {"end": 0.9568483978700837, "rounds": [0.9399176288375575, 0.956554115556819, 0.9549356745762788, 0.9556148454624684, 0.9561359912939321]}, "KMeans Distributed Centralized  ": {"end": 0.9570303517684987, "rounds": [0.9556380459856161, 0.9556350400885827, 0.9560986506117592, 0.9563287255515134, 0.9570303517684987]}, "KMeans Server  ": {"end": 0.9561156731299468, "rounds": [0.9548981733897812, 0.9549844911638383, 0.9565939444913047, 0.9542270184579608, 0.9561156731299468]}, "KMeans Server Keep  ": {"end": 0.9563140946245685, "rounds": [0.9556469970647784, 0.9565691311876869, 0.9565592300203652, 0.9556205903447711, 0.9563140946245685]}, "Traditional K-Means": {"end": 0.9574870912671333, "rounds": [0.9574870912671333, 0.9574870912671333, 0.9574870912671333, 0.9574870912671333, 0.9574870912671333]}}, "25% IID": {"KMeans Distributed Decentralized (Gossip)  ": {"end": 0.6786124388303726, "rounds": [0.22361708157094567, 0.2623459334779959, 0.546929842509585, 0.4981433598680995, 0.6120203870215533]}, "KMeans Distributed Centralized  ": {"end": 0.9565623014242788, "rounds": [0.957725418993967, 0.9563208617839168, 0.9556290692326902, 0.9560904476255141, 0.9565623014242788]}, "KMeans Server  ": {"end": 0.9556382770093351, "rounds": [0.9552352019856173, 0.954272661047156, 0.957559553775117, 0.9530746972595064, 0.9556382770093351]}, "KMeans Server Keep  ": {"end": 0.9540007711084483, "rounds": [0.9559061541780728, 0.9554481086324256, 0.9542727246906124, 0.954733746850491, 0.9540007711084483]}, "Traditional K-Means": {"end": 0.9574870912671333, "rounds": [0.9574870912671333, 0.9574870912671333, 0.9574870912671333, 0.9574870912671333, 0.9574870912671333]}}, "50% IID": {"KMeans Distributed Decentralized (Gossip)  ": {"end": 0.7100971768807426, "rounds": [0.22060620792798358, 0.3072537450015478, 0.7055629925446213, 0.7178255748494805, 0.7126859521865294]}, "KMeans Distributed Centralized  ": {"end": 0.9551579714518748, "rounds": [0.9572741205376044, 0.9563385490104795, 0.9558726387340422, 0.9561120443165536, 0.9551579714518748]}, "KMeans Server  ": {"end": 0.9549489167234776, "rounds": [0.9567797097242849, 0.9577479104689128, 0.9558386593709312, 0.9539670046961495, 0.9549489167234776]}, "KMeans Server Keep  ": {"end": 0.9544651087046239, "rounds": [0.9549227116489464, 0.9535390205177534, 0.9546968096075171, 0.9549352472933069, 0.9544651087046239]}, "Traditional K-Means": {"end": 0.9574870912671333, "rounds": [0.9574870912671333, 0.9574870912671333, 0.9574870912671333, 0.9574870912671333, 0.9574870912671333]}}, "75% IID": {"KMeans Distributed Decentralized (Gossip)  ": {"end": 0.6257024272064252, "rounds": [0.2477792666966131, 0.3354755818273327, 0.6860769849090815, 0.5632879757205727, 0.658528993001904]}, "KMeans Distributed Centralized  ": {"end": 0.9565793101749933, "rounds": [0.9565707012399571, 0.957025807112445, 0.9563297942114077, 0.9547113085416904, 0.9565793101749933]}, "KMeans Server  ": {"end": 0.9542532186657026, "rounds": [0.9556248767437423, 0.9531356004790633, 0.9489650158828292, 0.953095668981157, 0.9542532186657026]}, "KMeans Server Keep  ": {"end": 0.9554267304372769, "rounds": [0.9536110583877514, 0.955444900565259, 0.955879920677348, 0.9554264822139551, 0.9554267304372769]}, "Traditional K-Means": {"end": 0.9574870912671333, "rounds": [0.9574870912671333, 0.9574870912671333, 0.9574870912671333, 0.9574870912671333, 0.9574870912671333]}}, "100% IID": {"KMeans Distributed Decentralized (Gossip)  ": {"end": 0.5580744430255336, "rounds": [0.28211351025263964, 0.3110130960003598, 0.5255749394920525, 0.45715867131089927, 0.5073001745500035]}, "KMeans Distributed Centralized  ": {"end": 0.9551844082759426, "rounds": [0.9556321612248635, 0.955631681269839, 0.9565881642993276, 0.9561090785655838, 0.9551844082759426]}, "KMeans Server  ": {"end": 0.9544190677001744, "rounds": [0.9521776490078327, 0.9540425884221053, 0.9552035689281436, 0.9523554479218824, 0.9544190677001744]}, "KMeans Server Keep  ": {"end": 0.9547062012618588, "rounds": [0.9537393054225514, 0.9544635415695337, 0.9540112494384867, 0.955403539286921, 0.9547062012618588]}, "Traditional K-Means": {"end": 0.9572502171727133, "rounds": [0.9572502171727133, 0.9572502171727133, 0.9572502171727133, 0.9572502171727133, 0.9572502171727133]}}, "Cross-Device Detection": {"KMeans Distributed Decentralized (Gossip)  ": {"end": 0.34713263839977504, "rounds": [0.28639391793641866, 0.3801618398042478, 0.19837327977594527, 0.5127717756590338, 0.3563127461419852]}, "KMeans Distributed Centralized  ": {"end": 0.949754900603452, "rounds": [0.9507319113432767, 0.9511720451423248, 0.9506925840446694, 0.9502601914979879, 0.949754900603452]}, "KMeans Server  ": {"end": 0.9495924211863913, "rounds": [0.9479918513755402, 0.9479399186574455, 0.9447618101837534, 0.9458739234598166, 0.9495924211863913]}, "KMeans Server Keep  ": {"end": 0.9502373457705523, "rounds": [0.9440509897079712, 0.9476991905290794, 0.9511668354217641, 0.950699555030969, 0.9502373457705523]}, "Traditional K-Means": {"end": 0.9574870912671333, "rounds": [0.9574870912671333, 0.9574870912671333, 0.9574870912671333, 0.9574870912671333, 0.9574870912671333]}}, "Crowd Discover Transitioned": {"KMeans Distributed Decentralized (Gossip)  ": {"end": 0.9567897110568657, "rounds": [0.0, 0.6112503176287368, 0.6083058292238471, 0.5965253269831742, 0.35272451097390545, 0.34542325381678407, 0.3427436876284401, 0.4220421912296403, 0.8404256724837331, 0.8742693701785441, 0.6488217900779913, 0.7168581616430255, 0.865311723431922, 0.7288889917762299, 0.8401981884113109, 0.9338117521274396, 0.9580574218082527, 0.9556476040994263]}, "KMeans Distributed Centralized  ": {"end": 0.9577214956107001, "rounds": [0.0, 0.9892280760642018, 0.9904220767757349, 0.9904220767757349, 0.9928086719556154, 0.9922091016373032, 0.9922091016373032, 0.9912213664087844, 0.9916175056792698, 0.9916187007015911, 0.9615087703860784, 0.959449247705057, 0.9609197883512013, 0.9567872001841699, 0.9558848529961067, 0.9561020510491646, 0.9579430116150262, 0.9577214956107001]}, "KMeans Server  ": {"end": 0.9567808865783939, "rounds": [0.0, 0.9892280760642018, 0.9904220767757349, 0.9904220767550466, 0.9898140821453622, 0.9916120372730196, 0.9922091016373032, 0.9916186906390388, 0.9920163871974464, 0.9920155629752577, 0.9576887704837885, 0.9594494322904911, 0.9615143127643788, 0.9540341048776043, 0.9561800555978901, 0.9542514849541209, 0.956713737962053, 0.9567808865783939]}, "KMeans Server Keep  ": {"end": 0.955163149384696, "rounds": [0.0, 0.9868422344439618, 0.9892280760642018, 0.9892280760642018, 0.5663466195432937, 0.9916111539001482, 0.992210902563118, 0.7095471451915265, 0.9904257594732868, 0.9908242735621953, 0.6812077122590818, 0.6824803056394791, 0.6848962943403453, 0.5202044018446563, 0.7775504645304663, 0.7829553274468982, 0.9540054017115861, 0.955163149384696]}}, "Crowd Replacement Transitioned": {"KMeans Distributed Decentralized (Gossip)  ": {"end": 0.30306336454883115, "rounds": [0.0, 0.5555227694110092, 0.6499191357346435, 0.5409970029678761, 0.5123356447712137, 0.6096037693415435, 0.6449895647005902, 0.5870814388653757, 0.5181478840070827, 0.5729113067785851, 0.4033841473035274, 0.366099226803945, 0.4697235118097009, 0.5401473903268356, 0.5572818906500125, 0.47370263439759486, 0.3847006871772727, 0.30923274545742974]}, "KMeans Distributed Centralized  ": {"end": 0.15505365444117775, "rounds": [0.0, 0.9892280760642018, 0.9904220767757349, 0.9904220767757349, 0.9922091016373032, 0.9928086719556154, 0.5487979142889876, 0.6958784150327255, 0.6962369821273898, 0.6962148228992826, 0.46647115241949183, 0.20155520203754893, 0.6517186936900365, 0.14443105502165848, 0.14050253487832928, 0.15278542648637927, 0.1544104636627567, 0.15505365444117775]}, "KMeans Server  ": {"end": 0.3665797470733682,