{"Crowd Discover Transitioned": {"KMeans Distributed Centralized  ": {"end": 0.9549419969852294, "rounds": [0.0, 0.9868422344439618, 0.9892280760642018, 0.9904220767757349, 0.5663466195432937, 0.9928086719556154, 0.9928086719556154, 0.7100845400871999, 0.9924140930544554, 0.9924140930544554, 0.681179041579526, 0.6816795681430865, 0.6821045903811169, 0.5201418925664953, 0.5218893796644087, 0.7842905082951954, 0.9549419969852294, 0.9549419969852294]}}, "Crowd Replacement Transitioned": {"KMeans Distributed Centralized  ": {"end": 0.9575020706211211, "rounds": [0.0, 0.9880347952866875, 0.9892280760642018, 0.9892280760642018, 0.992210902563118, 0.992210902563118, 0.992210902563118, 0.9900288950899864, 0.9912201716254837, 0.9916177466963554, 0.6813381244224956, 0.6817292172184899, 0.9609393295939659, 0.7691393729750094, 0.9565989608636165, 0.9565850688530277, 0.9570382674394046, 0.9575020706211211]}}, "Subset Discover Transitioned": {"KMeans Distributed Centralized  ": {"end": 0.2584187507989165, "rounds": [0.0, 0.5532809340034668, 0.5536064184468484, 0.9868422344439618, 0.5651765361590494, 0.5651765361590494, 0.5657633026698693, 0.3260959907168406, 0.32837793969114537, 0.3294270331138442, 0.20435552253102668, 0.20440688771259957, 0.20442275985538416, 0.2601709035700525, 0.2604959470578465, 0.25968759202953784, 0.25873041977724764, 0.2584187507989165]}}, "Subset Discover Long Transitioned": {"KMeans Server Keep  ": {"end": 0.2582400721994815, "rounds": [0.0, 0.0, 0.0, 0.0, 0.0, 0.0, 0.5185851983713928, 0.6588331280953665, 0.6585983830809395, 0.6583038708049364, 0.6583575170363822, 0.658345635598478, 0.5644461572015927, 0.5651765361590494, 0.5651765361590494, 0.564884875171179, 0.5662030114559392, 0.5662030114559392, 0.32601666159229753, 0.32711600901261173, 0.3290765294516731, 0.3294270331138442, 0.32978507878658175, 0.32962042475447395, 0.20430433504543857, 0.2041618451181116, 0.2042794824828727, 0.20430004597546972, 0.2044420051727622, 0.20427070163278524, 0.26008834378054424, 0.2590889381680805, 0.2589986310304468, 0.25868590555678006, 0.2584181673653694, 0.2582400721994815]}}}