{"Crowd Discover Transitioned": {"KMeans Distributed Decentralized (Gossip)  ": {"end": 0.0, "rounds": []}, "KMeans Distributed Centralized  ": {"end": 0.0, "rounds": []}, "KMeans Server  ": {"end": 0.9567808865783939, "rounds": [0.0, 0.9892280760642018, 0.9904220767757349, 0.9904220767550466, 0.9898140821453622, 0.9916120372730196, 0.9922091016373032, 0.9916186906390388, 0.9920163871974464, 0.9920155629752577, 0.9576887704837885, 0.9594494322904911, 0.9615143127643788, 0.9540341048776043, 0.9561800555978901, 0.9542514849541209, 0.956713737962053, 0.9567808865783939]}, "KMeans Server Keep  ": {"end": 0.955163149384696, "rounds": [0.0, 0.9868422344439618, 0.9892280760642018, 0.9892280760642018, 0.5663466195432937, 0.9916111539001482, 0.992210902563118, 0.7095471451915265, 0.9904257594732868, 0.9908242735621953, 0.6812077122590818, 0.6824803056394791, 0.6848962943403453, 0.5202044018446563, 0.7775504645304663, 0.7829553274468982, 0.9540054017115861, 0.955163149384696]}}, "Crowd Replacement Transitioned": {"KMeans Distributed Decentralized (Gossip)  ": {"end": 0.0, "rounds": []}, "KMeans Distributed Centralized  ": {"end": 0.0, "rounds": []}, "KMeans Server  ": {"end": 0.3665797470733682, "rounds": [0.0, 0.9880347952866875, 0.9904220767757349, 0.9904220767757349, 0.9928086719556154, 0.9922091016373032, 0.5403451700313758, 0.6892750597958572, 0.6894381841186386, 0.6907743495697266, 0.4580963139234991, 0.20201793950601124, 0.6039530699179124, 0.14199941174170155, 0.13627495253655167, 0.32533480189228886, 0.30396282431692034, 0.3665797470733682]}, "KMeans Server Keep  ": {"end": 0.9561078146016293, "rounds": [0.0, 0.9892280760642018, 0.9892280760642018, 0.9904220767757349, 0.9922091016373032, 0.9922091016373032, 0.9922091016373032, 0.991221391703687, 0.9904274223044561, 0.9916187007015911, 0.68138170842639, 0.6816884057793411, 0.9615138030455156, 0.9545498576883332, 0.955919116200173, 0.9565793518898559, 0.9558797956139209, 0.9561078146016293]}}, "Subset Discover Transitioned": {"KMeans Distributed Decentralized (Gossip)  ": {"end": 0.0, "rounds": []}, "KMeans Distributed Centralized  ": {"end": 0.0, "rounds": []}, "KMeans Server  ": {"end": 0.1881292449802452, "rounds": [0.0, 0.463134769765284, 0.9868422344439618, 0.9868422344439618, 0.5662030114559392, 0.5608799110003152, 0.5557979250396695, 0.3262668808646301, 0.3160105768659245, 0.34873880672393726, 0.19956495638808605, 0.20008972059132613, 0.20235717876414117, 0.1953713240855354, 0.19054070453827995, 0.18167096148111175, 0.20396705849434002, 0.1881292449802452]}, "KMeans Server Keep  ": {"end": 0.26039169103731546, "rounds": [0.0, 0.557485211808729, 0.5511874829457767, 0.9868422344439618, 0.5644461572015927, 0.5651765361590494, 0.5651765361590494, 0.3206851201359964, 0.32564002799718184, 0.3278829388724035, 0.20370307290634546, 0.2042397931619051, 0.2044904290381145, 0.26099070657548007, 0.2608775574110173, 0.26085976267591066, 0.2609388832572766, 0.26039169103731546]}}}