{"Crowd Discover Transitioned": {"KMeans Distributed Decentralized (Gossip)  ": {"end": 0.9567897110568657, "rounds": [0.0, 0.6112503176287368, 0.6083058292238471, 0.5965253269831742, 0.35272451097390545, 0.34542325381678407, 0.3427436876284401, 0.4220421912296403, 0.8404256724837331, 0.8742693701785441, 0.6488217900779913, 0.7168581616430255, 0.865311723431922, 0.7288889917762299, 0.8401981884113109, 0.9338117521274396, 0.9580574218082527, 0.9556476040994263]}, "KMeans Distributed Centralized  ": {"end": 0.0, "rounds": []}}, "Crowd Replacement Transitioned": {"KMeans Distributed Decentralized (Gossip)  ": {"end": 0.30306336454883115, "rounds": [0.0, 0.5555227694110092, 0.6499191357346435, 0.5409970029678761, 0.5123356447712137, 0.6096037693415435, 0.6449895647005902, 0.5870814388653757, 0.5181478840070827, 0.5729113067785851, 0.4033841473035274, 0.366099226803945, 0.4697235118097009, 0.5401473903268356, 0.5572818906500125, 0.47370263439759486, 0.3847006871772727, 0.30923274545742974]}, "KMeans Distributed Centralized  ": {"end": 0.0, "rounds": []}}, "Subset Discover Transitioned": {"KMeans Distributed Decentralized (Gossip)  ": {"end": 0.24396524694837246, "rounds": [0.0, 0.5976532343989004, 0.4634998166725, 0.4690559540474807, 0.3635810463748452, 0.3547107062990972, 0.32238269530126135, 0.389241791419526, 0.39184198735689063, 0.38135197681292227, 0.29713886872010115, 0.2976795005124949, 0.3114717570805025, 0.291399615196857, 0.2559489507899355, 0.2537893955241766, 0.2391608817111873, 0.2660434399241899]}, "KMeans Distributed Centralized  ": {"end": 0.0, "rounds": []}}}