{"Cross-Device Detection": {"KMeans Distributed Decentralized (Gossip)  ": {"end": 0.34713263839977504, "rounds": [0.28639391793641866, 0.3801618398042478, 0.19837327977594527, 0.5127717756590338, 0.3563127461419852]}}}