{"Static and Uniform": {"Traditional K-Means": {"end": 0.9574870912671333, "rounds": [0.9574870912671333, 0.9574870912671333, 0.9574870912671333, 0.9574870912671333, 0.9574870912671333]}}, "25% IID": {"Traditional K-Means": {"end": 0.9574870912671333, "rounds": [0.9574870912671333, 0.9574870912671333, 0.9574870912671333, 0.9574870912671333, 0.9574870912671333]}}, "50% IID": {"Traditional K-Means": {"end": 0.9574870912671333, "rounds": [0.9574870912671333, 0.9574870912671333, 0.9574870912671333, 0.9574870912671333, 0.9574870912671333]}}, "75% IID": {"Traditional K-Means": {"end": 0.9574870912671333, "rounds": [0.9574870912671333, 0.9574870912671333, 0.9574870912671333, 0.9574870912671333, 0.9574870912671333]}}, "100% IID": {"Traditional K-Means": {"end": 0.9572502171727133, "rounds": [0.9572502171727133, 0.9572502171727133, 0.9572502171727133, 0.9572502171727133, 0.9572502171727133]}}, "Cross-Device Detection": {"Traditional K-Means": {"end": 0.9574870912671333, "rounds": [0.9574870912671333, 0.9574870912671333, 0.9574870912671333, 0.9574870912671333, 0.9574870912671333]}}, "Crowd Discover Transitioned": {}, "Crowd Replacement Transitioned": {}, "Subset Discover Transitioned": {}, "Subset Discover Long Transitioned": {}}