{"Static and Uniform": {"KMeans Distributed Decentralized (Gossip)  ": {"end": 0.9568483978700837, "rounds": [0.9399176288375575, 0.956554115556819, 0.9549356745762788, 0.9556148454624684, 0.9561359912939321]}, "KMeans Distributed Centralized  ": {"end": 0.9565762346178545, "rounds": [0.9568191282234922, 0.9563493963104909, 0.9568134994528317, 0.9568134994528317, 0.9565762346178545]}, "KMeans Server  ": {"end": 0.9561156731299468, "rounds": [0.9548981733897812, 0.9549844911638383, 0.9565939444913047, 0.9542270184579608, 0.9561156731299468]}, "KMeans Server Keep  ": {"end": 0.9563140946245685, "rounds": [0.9556469970647784, 0.9565691311876869, 0.9565592300203652, 0.9556205903447711, 0.9563140946245685]}}, "25% IID": {"KMeans Distributed Decentralized (Gossip)  ": {"end": 0.6786124388303726, "rounds": [0.22361708157094567, 0.2623459334779959, 0.546929842509585, 0.4981433598680995, 0.6120203870215533]}, "KMeans Distributed Centralized  ": {"end": 0.9572518594564882, "rounds": [0.9584050749553662, 0.9579604038768467, 0.9572553626839844, 0.9570170641663455, 0.9572518594564882]}, "KMeans Server  ": {"end": 0.9556382770093351, "rounds": [0.9552352019856173, 0.954272661047156, 0.957559553775117, 0.9530746972595064, 0.9556382770093351]}, "KMeans Server Keep  ": {"end": 0.9540007711084483, "rounds": [0.9559061541780728, 0.9554481086324256, 0.9542727246906124, 0.954733746850491, 0.9540007711084483]}}, "50% IID": {"KMeans Distributed Decentralized (Gossip)  ": {"end": 0.7100971768807426, "rounds": [0.22060620792798358, 0.3072537450015478, 0.7055629925446213, 0.7178255748494805, 0.7126859521865294]}, "KMeans Distributed Centralized  ": {"end": 0.9554097142730982, "rounds": [0.9563560123561764, 0.9568030071363186, 0.9561059494082137, 0.9556360204621085, 0.9554097142730982]}, "KMeans Server  ": {"end": 0.9549489167234776, "rounds": [0.9567797097242849, 0.9577479104689128, 0.9558386593709312, 0.9539670046961495, 0.9549489167234776]}, "KMeans Server Keep  ": {"end": 0.9544651087046239, "rounds": [0.9549227116489464, 0.9535390205177534, 0.9546968096075171, 0.9549352472933069, 0.9544651087046239]}}, "75% IID": {"KMeans Distributed Decentralized (Gossip)  ": {"end": 0.6257024272064252, "rounds": [0.2477792666966131, 0.3354755818273327, 0.6860769849090815, 0.5632879757205727, 0.658528993001904]}, "KMeans Distributed Centralized  ": {"end": 0.9554086615840246, "rounds": [0.9568209378002761, 0.9558810689663841, 0.9556455419583993, 0.9558806833767737, 0.9554086615840246]}, "KMeans Server  ": {"end": 0.9542532186657026, "rounds": [0.9556248767437423, 0.9531356004790633, 0.9489650158828292, 0.953095668981157, 0.9542532186657026]}, "KMeans Server Keep  ": {"end": 0.9554267304372769, "rounds": [0.9536110583877514, 0.955444900565259, 0.955879920677348, 0.9554264822139551, 0.9554267304372769]}}, "100% IID": {"KMeans Distributed Decentralized (Gossip)  ": {"end": 0.5580744430255336, "rounds": [0.28211351025263964, 0.3110130960003598, 0.5255749394920525, 0.45715867131089927, 0.5073001745500035]}, "KMeans Distributed Centralized  ": {"end": 0.9561104830821898, "rounds": [0.9556383937948291, 0.9549402594747954, 0.9554079326598857, 0.9556452410319787, 0.9561104830821898]}, "KMeans Server  ": {"end": 0.9544190677001744, "rounds": [0.9521776490078327, 0.9540425884221053, 0.9552035689281436, 0.9523554479218824, 0.9544190677001744]}, "KMeans Server Keep  ": {"end": 0.9547062012618588, "rounds": [0.9537393054225514, 0.9544635415695337, 0.9540112494384867, 0.955403539286921, 0.9547062012618588]}}, "Cross-Device Detection": {"KMeans Distributed Decentralized (Gossip)  ": {"end": 0.49319342988713394, "rounds": [0.4083278304928522, 0.4128659883129956, 0.36057411141291, 0.35618518052790393, 0.3867862197539102]}, "KMeans Distributed Centralized  ": {"end": 0.9502169854288555, "rounds": [0.950680182196805, 0.9504346667205784, 0.950681559850228, 0.949981324732436, 0.9502169854288555]}, "KMeans Server  ": {"end": 0.9495924211863913, "rounds": [0.9479918513755402, 0.9479399186574455, 0.9447618101837534, 0.9458739234598166, 0.9495924211863913]}, "KMeans Server Keep  ": {"end": 0.9502373457705523, "rounds": [0.9440509897079712, 0.9476991905290794, 0.9511668354217641, 0.950699555030969, 0.9502373457705523]}}, "Crowd Discover Transitioned": {"KMeans Distributed Decentralized (Gossip)  ": {"end": 0.6986155700084903, "rounds": [0.0, 0.5740196391507235, 0.23380297776316958, 0.5176034551956307, 0.36283666084381094, 0.49052144563905903, 0.7770367292740302, 0.5778939959842853, 0.5725060568577593, 0.5645113390066799, 0.4881383574101092, 0.5119264398153064, 0.5962141736766955, 0.5638633919534949, 0.6521560752131598, 0.6938204969448037, 0.6995134389871283, 0.6990521293122651]}, "KMeans Distributed Centralized  ": {"end": 0.0, "rounds": []}, "KMeans Server  ": {"end": 0.9563207848578406, "rounds": [0.0, 0.9892280760642018, 0.9904220767757349, 0.9904220767757349, 0.9928100998605749, 0.9928100998605749, 0.9934086041443357, 0.9904257594732868, 0.9924140930544554, 0.9904274223044561, 0.9600675256044212, 0.9592005938954353, 0.9571896091179922, 0.9556769633419716, 0.9568459616444749, 0.9514368981490449, 0.9581698180128231, 0.9563207848578406]}, "KMeans Server Keep  ": {"end": 0.9547069378353896, "rounds": [0.0, 0.9868422344439618, 0.9868422344439618, 0.9892280760642018, 0.5651765361590494, 0.9916111539001482, 0.9916111539001482, 0.7096930329904969, 0.9916175056792698, 0.9916175056792698, 0.6808644028107245, 0.6817602562531231, 0.6837250079581347, 0.5207471588984389, 0.5216193247180537, 0.7825253495804525, 0.954708972225313, 0.9547069378353896]}}, "Crowd Replacement Transitioned": {"KMeans Distributed Decentralized (Gossip)  ": {"end": 0.15125764634752692, "rounds": [0.0, 0.2299294601659127, 0.331124219839314, 0.32280823043839474, 0.3652702857537257, 0.6376270956001966, 0.4631224325717268, 0.4690513280552607, 0.47868678271631465, 0.5425138302679039, 0.3718243440078322, 0.36033740608265824, 0.4558365494753423, 0.1366840607756413, 0.2595403249028585, 0.2016002201699477, 0.3573151266386246, 0.1423343132692973]}, "KMeans Distributed Centralized  ": {"end": 0.0, "rounds": []}, "KMeans Server  ": {"end": 0.33608026082623466, "rounds": [0.0, 0.9904220767550466, 0.9904220767757349, 0.9904220767384959, 0.9928129660425131, 0.9934096675195166, 0.5570156405944997, 0.7020544210409806, 0.7013449675179213, 0.3216441075863985, 0.20145718620041392, 0.20168844283859258, 0.6294580628894668, 0.14320993217005876, 0.13759663894069898, 0.135651486029519, 0.2924433078964809, 0.33608026082623466]}, "KMeans Server Keep  ": {"end": 0.9570369173349603, "rounds": [0.0, 0.9868422344439618, 0.9880347952866875, 0.9892280760642018, 0.9916111539001482, 0.9916111539001482, 0.9916111539001482, 0.9900272198076842, 0.9916177466963554, 0.9916177466963554, 0.6809806011218708, 0.6811574190045769, 0.960652186870865, 0.7678000950141763, 0.9561380842397869, 0.9556651474302664, 0.9570415895241289, 0.9570369173349603]}}, "Subset Discover Transitioned": {"KMeans Distributed Decentralized (Gossip)  ": {"end": 0.3671259543858586, "rounds": [0.0, 0.335896606775537, 0.36486679362981017, 0.4059926135865026, 0.2434772147145923, 0.2544922633152226, 0.2544953619443849, 0.22598689508975048, 0.20155952082316003, 0.38641335339508465, 0.20643755635467986, 0.17567018152118796, 0.20237383367388853, 0.31422119812550714, 0.34623129676691294, 0.32497310623023895, 0.2617022977190786, 0.35107296203457716]}, "KMeans Distributed Centralized  ": {"end": 0.0, "rounds": []}, "KMeans Server  ": {"end": 0.4214318607722888, "rounds": [0.0, 0.6611632999468401, 0.9880347952866875, 0.9868422344439618, 0.565621061180533, 0.5600259875559238, 0.5566379821595906, 0.32531686114405123, 0.31635034779162624, 0.3162813005599764, 0.20065671169629556, 0.20111817859191908, 0.20242796702239627, 0.2089369825275453, 0.20032549114919818, 0.42115829428660645, 0.42577753142698593, 0.4214318607722888]}, "KMeans Server Keep  ": {"end": 0.2578402264738468,